﻿{"cameraMode":{"drawMode":0,"name":"Shaded","section":"Shading Mode"},"sceneLighting":true,"audioPlay":false,"sceneViewState":{"showFog":true,"showMaterialUpdate":false,"showSkybox":true,"showFlares":true,"showImageEffects":true,"showParticleSystems":true},"in2DMode":false,"pivot":{"x":17.074960708618165,"y":-37.7164192199707,"z":12.232833862304688},"rotation":{"x":0.02437189407646656,"y":0.9597395062446594,"z":-0.2656157612800598,"w":0.08806206285953522},"size":190.02919006347657,"orthographic":false}